[{"id":"6287863200063@s.whatsapp.net","balance":3442},{"id":"6283193164235@s.whatsapp.net","balance":313},{"id":"6282287486762@s.whatsapp.net","balance":44},{"id":"6285336366602@s.whatsapp.net","balance":40},{"id":"6281916849086@s.whatsapp.net","balance":31},{"id":"79031865139@s.whatsapp.net","balance":53},{"id":"48699549675@s.whatsapp.net","balance":9},{"id":"6285731538836@s.whatsapp.net","balance":16},{"id":"6285298532718@s.whatsapp.net","balance":35},{"id":"6288226703423@s.whatsapp.net","balance":69},{"id":"6281541548434@s.whatsapp.net","balance":124},{"id":"628813647351@s.whatsapp.net","balance":131},{"id":"62882993109058@s.whatsapp.net","balance":119},{"id":"6281259121031@s.whatsapp.net","balance":26},{"id":"6283182091538@s.whatsapp.net","balance":37},{"id":"6285803357947@s.whatsapp.net","balance":18},{"id":"628977020145@s.whatsapp.net","balance":22},{"id":"6287883725274@s.whatsapp.net","balance":18},{"id":"628812904283@s.whatsapp.net","balance":37},{"id":"994402482908@s.whatsapp.net","balance":26},{"id":"628871746203@s.whatsapp.net","balance":5},{"id":"16369879304@s.whatsapp.net","balance":20},{"id":"6281334511636@s.whatsapp.net","balance":95}]